{"cameraMode":{"drawMode":0,"name":"Shaded","section":"Shading Mode"},"sceneLighting":true,"audioPlay":false,"sceneViewState":{"m_AlwaysRefresh":false,"showFog":true,"showSkybox":true,"showFlares":true,"showImageEffects":true,"showParticleSystems":true,"showVisualEffectGraphs":true,"m_FxEnabled":true},"in2DMode":false,"pivot":{"x":1.9605460166931153,"y":-0.06392449140548706,"z":2.5420336723327638},"rotation":{"x":0.014351047575473786,"y":-0.49333786964416506,"z":0.008140814490616322,"w":0.8696814179420471},"size":4.06768798828125,"orthographic":false}